{"count":1,"self":168.6245376,"total":169.0030517,"children":{"AgentResetIfDone":{"count":8076,"self":0.0750462,"total":0.0750462,"children":null},"AgentSendState":{"count":8076,"self":0.0672658,"total":0.089487799999999992,"children":{"CollectObservations":{"count":8076,"self":0.022222,"total":0.022222,"children":null}}},"DecideAction":{"count":8076,"self":0.0705266,"total":0.0705266,"children":null},"AcademyStep":{"count":8076,"self":0.021457999999999998,"total":0.021457999999999998,"children":null},"AgentAct":{"count":8076,"self":0.1209962,"total":0.1209962,"children":null}}}