{"count":1,"self":23.9670992,"total":24.8676757,"children":{"AgentResetIfDone":{"count":1156,"self":0.0080467,"total":0.0080467,"children":null},"AgentSendState":{"count":1156,"self":0.0265089,"total":0.1350805,"children":{"CollectObservations":{"count":2023,"self":0.10857159999999999,"total":0.10857159999999999,"children":null}}},"DecideAction":{"count":1156,"self":0.7318557,"total":0.7318557,"children":null},"AcademyStep":{"count":1156,"self":0.0017576,"total":0.0017576,"children":null},"AgentAct":{"count":1156,"self":0.0238353,"total":0.0238353,"children":null}}}