{"cameraMode":{"drawMode":0,"name":"Shaded","section":"Shading Mode"},"sceneLighting":false,"audioPlay":false,"sceneViewState":{"showFog":false,"showMaterialUpdate":false,"showSkybox":false,"showFlares":false,"showImageEffects":false,"showParticleSystems":false},"in2DMode":false,"pivot":{"x":-95.36907958984375,"y":0.19133499264717103,"z":0.6521940231323242},"rotation":{"x":0.14992985129356385,"y":-0.15503241121768952,"z":0.023812368512153627,"w":0.9761772155761719},"size":8.865166664123536,"orthographic":false}