{"cameraMode":{"drawMode":0,"name":"Shaded","section":"Shading Mode"},"sceneLighting":false,"audioPlay":false,"sceneViewState":{"showFog":true,"showMaterialUpdate":false,"showSkybox":true,"showFlares":true,"showImageEffects":true,"showParticleSystems":true},"in2DMode":false,"pivot":{"x":-5.0287275314331059,"y":-243.33619689941407,"z":149.88604736328126},"rotation":{"x":0.6670735478401184,"y":0.1483144313097,"z":-0.13800284266471864,"w":0.7169189453125},"size":1216.9180908203125,"orthographic":false}