{"cameraMode":{"drawMode":0,"name":"Shaded","section":"Shading Mode"},"sceneLighting":false,"audioPlay":false,"sceneViewState":{"showFog":true,"showMaterialUpdate":false,"showSkybox":true,"showFlares":true,"showImageEffects":true,"showParticleSystems":true},"in2DMode":false,"pivot":{"x":-109.1603775024414,"y":4.901086330413818,"z":-5.8715057373046879},"rotation":{"x":0.18132202327251435,"y":0.2923939526081085,"z":-0.05655941367149353,"w":0.9372531771659851},"size":83.74658203125,"orthographic":false}