{"cameraMode":{"drawMode":0,"name":"Shaded","section":"Shading Mode"},"sceneLighting":false,"audioPlay":false,"sceneViewState":{"showFog":false,"showMaterialUpdate":false,"showSkybox":false,"showFlares":false,"showImageEffects":false,"showParticleSystems":false},"in2DMode":false,"pivot":{"x":4.233726501464844,"y":1.4396908283233643,"z":-0.5853562355041504},"rotation":{"x":0.1480834186077118,"y":-0.21763017773628236,"z":0.03342600539326668,"w":0.9641549587249756},"size":4.963892936706543,"orthographic":false}