{"cameraMode":{"drawMode":0,"name":"Shaded","section":"Shading Mode"},"sceneLighting":false,"audioPlay":false,"sceneViewState":{"showFog":true,"showMaterialUpdate":false,"showSkybox":true,"showFlares":true,"showImageEffects":true,"showParticleSystems":true},"in2DMode":false,"pivot":{"x":43.86271667480469,"y":126.19864654541016,"z":364.38458251953127},"rotation":{"x":-0.18196873366832734,"y":-0.8180339336395264,"z":0.38401442766189577,"w":-0.38763540983200076},"size":26.84808349609375,"orthographic":false}